Year,Country,gold_medal,silver_medal,bronze_medal,total_medal,type_olympic,host_flag,Country_,gold_medal_sum,gold_medal_mean,silver_medal_sum,silver_medal_mean,bronze_medal_sum,bronze_medal_mean,total_medal_sum,total_medal_mean,host_flag_sum,Country Code,AG.LND.TOTL.K2,EG.CFT.ACCS.ZS,EG.ELC.ACCS.ZS,EN.ATM.CO2E.PC,IT.CEL.SETS.P2,IT.NET.USER.ZS,NY.ADJ.DRES.GN.ZS,NY.ADJ.SVNX.GN.ZS,NY.GDP.MKTP.CD,NY.GDP.PCAP.CD,SE.PRM.CMPT.ZS,SE.PRM.ENRR,SE.SEC.ENRR,SE.TER.ENRR,SH.XPD.CHEX.GD.ZS,SL.EMP.TOTL.SP.ZS,SL.TLF.ACTI.ZS,SL.UEM.TOTL.ZS,SP.DYN.LE00.IN,SP.POP.GROW,SP.POP.TOTL,SP.RUR.TOTL.ZS,SP.URB.TOTL.IN.ZS,Region,Income Group,medals_per_capita,gdp_per_capita,gdp_population_interaction,urbanization_rate,employment_to_population_ratio,life_expectancy,primary_enrollment_ratio,secondary_enrollment_ratio,tertiary_enrollment_ratio,internet_penetration,mobile_penetration,health_expenditure,Income Group_Low income,Income Group_Lower middle income,Income Group_Upper middle income,host_flag_1
2022.0,AUS,1.0,2.0,1.0,4.0,w,0.0,AUS,172.0,5.0588235294117645,178.0,5.235294117647059,214.0,6.294117647058823,564.0,16.58823529411765,2.0,AUS,7692020.0,100.0,100.0,14.776136906625878,107.0312028,96.24,6.2235952519426645,6.43731113488443,1692956646855.7017,65077.67666882105,104.976997375488,99.1329879760742,133.277267456055,106.240760803223,10.54363918,63.699,79.521,3.701,83.2,1.27269881377618,26014399.0,13.512,86.488,East Asia & Pacific,High income,1.5376099982167569e-07,65077.67666882105,4.404124970100632e+19,86.488,63.699,83.2,99.1329879760742,133.277267456055,106.240760803223,96.24,107.0312028,10.54363918,0.0,0.0,0.0,0.0
2022.0,AUT,7.0,7.0,4.0,18.0,w,0.0,AUT,92.0,1.84,124.0,2.48,133.0,2.66,349.0,6.98,3.0,AUT,82520.0,100.0,100.0,6.632645737335458,123.4348071,93.61409139,0.0828769699169557,12.7766258435125,470941926750.74115,52084.68119533723,97.1591720581055,100.77562713623,101.458000183105,93.940071105957,12.1,58.441,78.469,4.992,81.09268292682928,0.956287797076634,9041851.0,40.744,59.256,Europe & Central Asia,High income,1.9907428246716295e-06,52084.68119533723,4.2581867313331154e+18,59.256,58.441,81.09268292682928,100.77562713623,101.458000183105,93.940071105957,93.61409139,123.4348071,12.1,0.0,0.0,0.0,0.0
2022.0,BEL,1.0,0.0,1.0,2.0,w,0.0,BEL,45.0,1.40625,57.0,1.78125,62.0,1.9375,164.0,5.125,1.0,BEL,30280.0,100.0,100.0,7.398130657746813,101.8707731,94.00783071,0.0313099758855987,12.126916285956,583613982019.263,49942.090642488656,47.148998260498,101.821136474609,143.163513183594,82.6882019042969,11.04290771,52.036,71.158,5.558,81.69756097560978,0.856132433382837,11685814.0,1.8469999999999944,98.153,Europe & Central Asia,High income,1.7114768384983708e-07,49942.090642488656,6.820004441676451e+18,98.153,52.036,81.69756097560978,101.821136474609,143.163513183594,82.6882019042969,94.00783071,101.8707731,11.04290771,0.0,0.0,0.0,0.0
2022.0,BLR,0.0,2.0,0.0,2.0,w,0.0,BLR,23.0,1.5333333333333334,39.0,2.6,51.0,3.4,113.0,7.533333333333333,0.0,BLR,202950.0,99.7,100.0,5.842407295900875,123.4472552,89.50733148,0.672071495838844,13.3506671279207,73775179924.60303,7994.648060748886,93.2138977050781,94.7119674682617,94.5358963012695,70.8675689697266,6.57,62.699,79.331,3.574,73.11146341463416,-0.804228426880244,9228071.0,19.674000000000007,80.326,Europe & Central Asia,Upper middle income,2.1673001865720365e-07,7994.648060748886,6.808025983820114e+17,80.326,62.699,73.11146341463416,94.7119674682617,94.5358963012695,70.8675689697266,89.50733148,123.4472552,6.57,0.0,0.0,1.0,0.0
2022.0,CAN,4.0,8.0,14.0,26.0,w,0.0,CAN,150.0,2.9411764705882355,185.0,3.627450980392157,225.0,4.411764705882353,560.0,10.980392156862745,3.0,CAN,8788700.0,100.0,100.0,13.591696342109334,91.23062536,92.83401664,2.171311720168907,7.61520074432484,2161483369422.0144,55509.39317640404,48.7290000915527,96.293083190918,109.334312438965,77.8022918701172,11.15471363,61.568,79.762,5.28,81.29560975609758,1.81192255344382,38939056.0,18.248000000000005,81.752,North America,High income,6.677100749437788e-07,55509.39317640403,8.416612196499251e+19,81.752,61.568,81.29560975609758,96.293083190918,109.334312438965,77.8022918701172,92.83401664,91.23062536,11.15471363,0.0,0.0,0.0,0.0
2022.0,CHN,9.0,4.0,2.0,15.0,w,1.0,CHN,287.0,15.105263157894736,233.0,12.263157894736842,195.0,10.263157894736842,715.0,37.63157894736842,2.0,CHN,9388210.0,87.8,100.0,7.756137906597689,124.8775379,75.61131603,1.011566517838115,16.806586216299,17881783387000.867,12662.583169225392,100.269378662109,100.171730041504,106.068328857422,71.9815521240234,5.38360548,63.568,75.933,4.98,78.587,-0.0130995013525784,1412175000.0,36.44,63.56,East Asia & Pacific,Upper middle income,1.0621913006532476e-08,12662.583169225392,2.525220745453795e+22,63.56,63.568,78.587,100.171730041504,106.068328857422,71.9815521240234,75.61131603,124.8775379,5.38360548,0.0,0.0,1.0,1.0
2022.0,CZE,1.0,0.0,1.0,2.0,w,0.0,CZE,29.0,2.0714285714285716,33.0,2.357142857142857,37.0,2.642857142857143,99.0,7.071428571428571,0.0,CZE,77186.83,100.0,100.0,8.304017495838886,128.4101866,84.54009378,0.222302201728212,9.78363439454468,290565654835.8094,27226.61563860233,98.3559036254883,99.8488922119141,100.097846984863,69.1061782836914,9.4887867,58.57,77.126,2.224,79.02926829268293,1.5709725672011,10672118.0,25.623000000000005,74.377,Europe & Central Asia,High income,1.8740422472839973e-07,27226.61563860233,3.1009509551550285e+18,74.377,58.57,79.02926829268293,99.8488922119141,100.097846984863,69.1061782836914,84.54009378,128.4101866,9.4887867,0.0,0.0,0.0,0.0
2022.0,ESP,0.0,1.0,0.0,1.0,w,0.0,ESP,49.0,2.0416666666666665,72.0,3.0,49.0,2.0416666666666665,170.0,7.083333333333333,2.0,ESP,499733.244,100.0,100.0,4.2795945712140995,124.0994495,94.4855432,0.0386458889686458,8.01104530787172,1417800466262.6514,29674.54428644133,99.1650314331055,102.899139404297,119.114921569824,94.5903778076172,10.74003887,50.082,74.1,12.917,83.08292682926832,0.761701877296859,47778340.0,18.696,81.304,Europe & Central Asia,High income,2.0929986265743013e-08,29674.54428644133,6.7740152729255485e+19,81.304,50.082,83.08292682926832,102.899139404297,119.114921569824,94.5903778076172,94.4855432,124.0994495,10.74003887,0.0,0.0,0.0,0.0
2022.0,EST,0.0,0.0,1.0,1.0,w,0.0,EST,14.0,0.9333333333333333,11.0,0.7333333333333333,19.0,1.2666666666666666,44.0,2.933333333333333,0.0,EST,42750.0,100.0,100.0,5.338399815873676,155.0300061,91.02128973,0.751175020158322,16.5455895254376,37921480881.542946,28114.143176020098,98.5223922729492,99.2638168334961,112.551849365234,71.4251937866211,6.94306278,61.512,80.899,5.571,77.94390243902441,1.33655151148286,1348840.0,30.391000000000005,69.609,Europe & Central Asia,High income,7.413777764597728e-07,28114.143176020094,5.115001027226038e+16,69.609,61.512,77.94390243902441,99.2638168334961,112.551849365234,71.4251937866211,91.02128973,155.0300061,6.94306278,0.0,0.0,0.0,0.0
2022.0,FIN,2.0,2.0,4.0,8.0,w,0.0,FIN,145.0,2.9,151.0,3.02,184.0,3.68,480.0,9.6,2.0,FIN,303947.7,100.0,100.0,6.570145127725746,128.6830329,92.98879471,0.0834290547581801,11.2338317691308,281887430795.72095,50734.71074808885,98.3830795288086,98.6190185546875,144.852462768555,104.944221496582,10.25,56.321,79.631,6.719,81.1878048780488,0.271944526506117,5556106.0,14.319000000000004,85.681,Europe & Central Asia,High income,1.4398573389348584e-06,50734.71074808885,1.56619644556869e+18,85.681,56.321,81.1878048780488,98.6190185546875,144.852462768555,104.944221496582,92.98879471,128.6830329,10.25,0.0,0.0,0.0,0.0
2022.0,FRA,5.0,7.0,2.0,14.0,w,0.0,FRA,266.0,5.215686274509804,291.0,5.705882352941177,323.0,6.333333333333333,880.0,17.254901960784313,7.0,FRA,547557.0,100.0,100.0,3.9536824518799136,118.8472962,85.33331549,0.0300782559451585,9.25134693841546,2779092236505.847,40886.253268027256,111.730003356934,102.696418762207,104.280151367188,70.794189453125,12.30787277,52.07,74.311,7.308,82.22926829268293,0.305015246719983,67971311.0,18.491,81.509,Europe & Central Asia,High income,2.0596925076228115e-07,40886.253268027256,1.8889854270522448e+20,81.509,52.07,82.22926829268293,102.696418762207,104.280151367188,70.794189453125,85.33331549,118.8472962,12.30787277,0.0,0.0,0.0,0.0
2022.0,GBR,1.0,1.0,0.0,2.0,w,0.0,GBR,303.0,6.586956521739131,330.0,7.173913043478261,328.0,7.130434782608695,961.0,20.891304347826086,4.0,GBR,241930.0,100.0,100.0,4.601142250901347,120.8191165,96.68023657,0.5615486683525158,3.29190335661587,3088839763445.0234,45564.15694480128,97.6750717163086,98.5245819091797,111.909187316895,82.6516494750977,11.34454918,59.873,77.552,3.73,82.05853658536587,1.13444824466953,67791000.0,15.602000000000004,84.398,Europe & Central Asia,High income,2.950244132701981e-08,45564.15694480128,2.093955364037016e+20,84.398,59.873,82.05853658536587,98.5245819091797,111.909187316895,82.6516494750977,96.68023657,120.8191165,11.34454918,0.0,0.0,0.0,0.0
2022.0,GER,12.0,10.0,4.0,26.0,w,0.0,GER,310.0,10.689655172413794,300.0,10.344827586206897,313.0,10.793103448275861,923.0,31.82758620689655,2.0,GER,349390.0,100.0,100.0,7.255221028168403,125.2251369,91.62984383,0.0295485628853888,14.580617422939,4082469490797.681,48717.991140212755,100.973701477051,101.346549987793,101.203536987305,75.6655426025391,12.65471077,59.375,79.88,3.135,80.70560975609757,0.720875455989295,83797985.0,22.352000000000004,77.648,Europe & Central Asia,High income,3.1026999038222695e-07,48717.991140212755,3.421027171528217e+20,77.648,59.375,80.70560975609757,101.346549987793,101.203536987305,75.6655426025391,91.62984383,125.2251369,12.65471077,0.0,0.0,0.0,0.0
2022.0,HUN,1.0,0.0,2.0,3.0,w,0.0,HUN,183.0,5.228571428571429,158.0,4.514285714285714,185.0,5.285714285714286,526.0,15.028571428571428,0.0,HUN,91260.0,100.0,100.0,4.591652907047882,104.0561504,90.46084106,0.319632177340444,11.6933898181752,177006128624.62692,18355.82780720649,94.2879486083984,101.455070495605,99.6919326782227,56.5243492126465,7.38,58.227,76.865,3.609,76.01707317073172,-0.690781547965424,9643048.0,27.447999999999993,72.552,Europe & Central Asia,High income,3.111049535375122e-07,18355.82780720649,1.7068785946214515e+18,72.552,58.227,76.01707317073172,101.455070495605,99.6919326782227,56.5243492126465,90.46084106,104.0561504,7.38,0.0,0.0,0.0,0.0
2022.0,ITA,2.0,7.0,8.0,17.0,w,0.0,ITA,257.0,5.468085106382978,232.0,4.9361702127659575,270.0,5.74468085106383,759.0,16.148936170212767,5.0,ITA,295717.0,100.0,100.0,4.732372770799354,132.971226,85.06074504,0.0856169250540911,7.74566955602098,2066972096553.7048,35068.835973844856,98.2387924194336,101.617156982422,102.331283569336,71.2871170043945,9.0,45.138,65.758,8.069,82.9,-0.326488181067642,58940425.0,28.343000000000004,71.657,Europe & Central Asia,High income,2.884268309907843e-07,35068.835973844856,1.2182821383401639e+20,71.657,45.138,82.9,101.617156982422,102.331283569336,71.2871170043945,85.06074504,132.971226,9.0,0.0,0.0,0.0,0.0
2022.0,JPN,3.0,6.0,9.0,18.0,w,0.0,JPN,186.0,5.166666666666667,175.0,4.861111111111111,208.0,5.777777777777778,569.0,15.805555555555555,5.0,JPN,364500.0,100.0,100.0,8.031495869666802,167.5231573,82.91407928,0.0144323671117113,3.62518603701698,4256410760723.75,34017.27180750242,79.7702407836914,102.218322753906,102.155380249023,63.1702690124512,10.82,60.875,81.266,2.6,83.99634146341464,-0.443851919148528,125124989.0,8.045000000000002,91.955,East Asia & Pacific,High income,1.4385615650283894e-07,34017.27180750242,5.3258334961504086e+20,91.955,60.875,83.99634146341464,102.218322753906,102.155380249023,63.1702690124512,82.91407928,167.5231573,10.82,0.0,0.0,0.0,0.0
2022.0,KOR,2.0,5.0,2.0,9.0,w,0.0,KOR,131.0,5.038461538461538,119.0,4.576923076923077,116.0,4.461538461538462,366.0,14.076923076923077,2.0,KOR,97600.0,100.0,100.0,10.990029581428546,148.5880603,97.16855413,0.0250258340350453,17.8645237393349,1673916511799.7087,32394.68337252032,96.0547332763672,99.0333633422852,97.9161987304688,103.276039123535,9.72047997,62.374,70.471,2.857,82.68048780487806,-0.187486566698935,51672569.0,18.572999999999993,81.427,East Asia & Pacific,High income,1.7417365101394514e-07,32394.683372520318,8.649556645620977e+19,81.427,62.374,82.68048780487806,99.0333633422852,97.9161987304688,103.276039123535,97.16855413,148.5880603,9.72047997,0.0,0.0,0.0,0.0
2022.0,LAT,0.0,0.0,1.0,1.0,w,0.0,LAT,4.0,0.2857142857142857,15.0,1.0714285714285714,12.0,0.8571428571428571,31.0,2.2142857142857144,0.0,LAT,62230.0,100.0,100.0,3.645612168492814,117.0957679,91.03009059,0.051110585363217,3.20476438795521,40422521943.44179,21508.400333216698,98.4483032226562,99.41796875,104.764526367188,91.3303680419922,9.04,56.939,77.651,6.815,74.58048780487805,-0.271369577775699,1879383.0,31.459999999999994,68.54,Europe & Central Asia,High income,5.320895208693491e-07,21508.400333216694,7.596940055763146e+16,68.54,56.939,74.58048780487805,99.41796875,104.764526367188,91.3303680419922,91.03009059,117.0957679,9.04,0.0,0.0,0.0,0.0
2022.0,NED,8.0,5.0,4.0,17.0,w,0.0,NED,148.0,3.441860465116279,157.0,3.6511627906976742,168.0,3.9069767441860463,473.0,11.0,1.0,NED,33670.0,100.0,100.0,7.471553478771895,118.0652669,92.51968504,0.302246219230329,15.5468756565449,1009398719033.078,57025.01245598001,80.6800308227539,104.378402709961,115.116073608398,88.9542617797852,11.29,63.118,83.04,3.524,81.71463414634147,0.953278922854537,17700982.0,7.114000000000004,92.886,Europe & Central Asia,High income,9.60398694264533e-07,57025.01245598001,1.7867348556427571e+19,92.886,63.118,81.71463414634147,104.378402709961,115.116073608398,88.9542617797852,92.51968504,118.0652669,11.29,0.0,0.0,0.0,0.0
2022.0,NOR,16.0,8.0,13.0,37.0,w,0.0,NOR,208.0,4.333333333333333,187.0,3.8958333333333335,173.0,3.6041666666666665,568.0,11.833333333333334,3.0,NOR,364270.0,100.0,100.0,6.725080049633097,110.6788541,98.99997764,7.71310815458361,20.2201316665624,593726965415.6191,108798.45116590089,99.2044982910156,98.9731903076172,119.816871643066,93.9243011474609,8.14,63.469,80.361,3.233,82.5609756097561,0.898395220610608,5457127.0,16.336,83.664,Europe & Central Asia,High income,6.780124413450521e-06,108798.45116590087,3.240043453597641e+18,83.664,63.469,82.5609756097561,98.9731903076172,119.816871643066,93.9243011474609,98.99997764,110.6788541,8.14,0.0,0.0,0.0,0.0
2022.0,NZL,2.0,1.0,0.0,3.0,w,0.0,NZL,55.0,2.2,36.0,1.44,56.0,2.24,147.0,5.88,0.0,NZL,263310.0,100.0,100.0,6.160799182743311,114.6898687,95.91020269,0.436464953580026,9.88321164497251,246733522841.35272,48216.50958363025,92.9577484130859,97.9169464111328,117.595428466797,79.4128875732422,10.04858398,68.961,82.85,3.297,82.76097560975612,0.115363946900346,5117200.0,13.116,86.884,East Asia & Pacific,High income,5.862581099038537e-07,48216.50958363025,1.26258478308377e+18,86.884,68.961,82.76097560975612,97.9169464111328,117.595428466797,79.4128875732422,95.91020269,114.6898687,10.04858398,0.0,0.0,0.0,0.0
2022.0,POL,0.0,0.0,1.0,1.0,w,0.0,POL,78.0,2.5161290322580645,96.0,3.096774193548387,145.0,4.67741935483871,319.0,10.290322580645162,0.0,POL,306100.0,100.0,100.0,7.367563372927092,131.9444373,86.94113568,0.320485035782842,10.9931306279799,689763329458.4408,18732.49772731982,97.192253112793,100.108032226562,103.676322937012,73.979377746582,6.68,56.883,73.222,2.886,77.3048780487805,-2.48206113275772,36821749.0,39.866,60.134,Europe & Central Asia,High income,2.715786259908512e-08,18732.49772731982,2.5398292186723013e+19,60.134,56.883,77.3048780487805,100.108032226562,103.676322937012,73.979377746582,86.94113568,131.9444373,6.68,0.0,0.0,0.0,0.0
2022.0,SLO,2.0,3.0,2.0,7.0,w,0.0,SLO,12.0,0.8571428571428571,17.0,1.2142857142857142,23.0,1.6428571428571428,52.0,3.7142857142857144,0.0,SLO,20136.4,100.0,100.0,5.934735178858258,126.1838135,88.91242151,0.1565367749262336,11.2728084669076,60063475466.34459,28439.33409896874,97.2507629394531,100.639137268066,107.874809265137,82.3922576904297,8.85,56.538,76.61,4.013,81.28292682926829,0.185163077643301,2111986.0,44.249,55.751,Europe & Central Asia,High income,3.3144159099539484e-06,28439.33409896874,1.2685321929626325e+17,55.751,56.538,81.28292682926829,100.639137268066,107.874809265137,82.3922576904297,88.91242151,126.1838135,8.85,0.0,0.0,0.0,0.0
2022.0,SUI,7.0,2.0,6.0,15.0,w,0.0,SUI,114.0,2.28,130.0,2.6,133.0,2.66,377.0,7.54,4.0,SUI,39509.63,100.0,100.0,4.042072814753408,119.5610489,95.56937168,0.0021097797226387,16.1899176583468,818426550206.4498,93259.90571830244,95.063606262207,101.363067626953,103.392356872559,74.1526794433594,11.80107975,63.774,83.231,4.3,83.45365853658537,0.814795736256849,8775760.0,25.908,74.092,Europe & Central Asia,High income,1.7092536714768864e-06,93259.90571830244,7.182314982239754e+18,74.092,63.774,83.45365853658537,101.363067626953,103.392356872559,74.1526794433594,95.56937168,119.5610489,11.80107975,0.0,0.0,0.0,0.0
2022.0,SVK,1.0,0.0,1.0,2.0,w,0.0,SVK,14.0,1.1666666666666667,17.0,1.4166666666666667,11.0,0.9166666666666666,42.0,3.5,0.0,SVK,48080.0,100.0,100.0,5.3190548079285165,131.9254542,88.92560523,0.012411815224992,4.5746360286616,115584743573.55298,21279.458924772887,95.2156982421875,100.326721191406,92.2043075561523,52.4959106445312,7.75,57.724,75.778,6.143,77.0658536585366,-0.284860959688394,5431752.0,46.091,53.909,Europe & Central Asia,High income,3.6820532307071456e-07,21279.458924772887,6.278276620751336e+17,53.909,57.724,77.0658536585366,100.326721191406,92.2043075561523,52.4959106445312,88.92560523,131.9254542,7.75,0.0,0.0,0.0,0.0
2022.0,SWE,8.0,5.0,5.0,18.0,w,0.0,SWE,212.0,4.1568627450980395,228.0,4.470588235294118,238.0,4.666666666666667,678.0,13.294117647058824,1.0,SWE,407283.54,100.0,100.0,3.242989143127474,125.0711442,95.00970335,0.5760447879878253,19.7627788076617,590409594949.1022,56299.50573280637,99.8903274536133,116.425392150879,139.406524658203,83.8976135253906,10.67,61.343,83.403,7.392,83.10975609756099,0.68058286829853,10486941.0,11.507999999999996,88.492,Europe & Central Asia,High income,1.7164204509208166e-06,56299.50573280637,6.191590588065133e+18,88.492,61.343,83.10975609756099,116.425392150879,139.406524658203,83.8976135253906,95.00970335,125.0711442,10.67,0.0,1.0,0.0,0.0
2022.0,UKR,0.0,1.0,0.0,1.0,w,0.0,UKR,40.0,3.076923076923077,39.0,3.0,76.0,5.846153846153846,155.0,11.923076923076923,0.0,UKR,579400.0,94.9,100.0,3.747387845127802,135.025689,79.21829353,2.433542077875613,-1.80598524425369,161989520721.1905,4575.97509765625,89.2898788452148,92.7710037231445,84.6516265869141,70.7210006713867,8.01,49.269,66.836,9.834,68.5879268292683,-14.3165434537093,38000000.0,30.081000000000003,69.919,Europe & Central Asia,Lower middle income,2.631578947368421e-08,4262.882124241855,6.155601787405238e+18,69.919,49.269,68.5879268292683,92.7710037231445,84.6516265869141,70.7210006713867,79.21829353,135.025689,8.01,0.0,0.0,0.0,0.0
2022.0,USA,8.0,10.0,7.0,25.0,w,0.0,USA,1178.0,22.653846153846153,960.0,18.46153846153846,842.0,16.192307692307693,2980.0,57.30769230769231,10.0,USA,9147420.0,100.0,100.0,13.03222172902616,110.1664718,91.75320833,0.8151931243819504,4.37046038983705,25744108000000.0,77246.6738828672,95.743522644043,96.9717330932617,97.4734878540039,79.361930847168,16.57115173,59.266,72.675,3.65,77.43414634146343,0.367472693654024,333271411.0,16.915999999999997,83.084,North America,High income,7.501393511368426e-08,77246.6738828672,8.579775198096388e+21,83.084,59.266,77.43414634146343,96.9717330932617,97.4734878540039,79.361930847168,91.75320833,110.1664718,16.57115173,0.0,0.0,1.0,0.0
2020.0,ARG,0.0,1.0,2.0,3.0,s,0.0,ARG,21.0,1.05,26.0,1.3,30.0,1.5,77.0,3.85,0.0,ARG,2736690.0,99.9,100.0,3.4056175404138016,121.6001889,85.51438646,0.979578858056912,7.95049431173226,385740508436.9652,8500.837938505336,103.837791442871,110.617813110352,112.416679382324,99.266227722168,10.34701538,49.6,63.66,11.461,75.892,0.970053991438048,45376763.0,7.888999999999996,92.111,Latin America & Caribbean,Upper middle income,6.611313372000554e-08,8500.837938505336,1.750365563084367e+19,92.111,49.6,75.892,110.617813110352,112.416679382324,99.266227722168,85.51438646,121.6001889,10.34701538,0.0,0.0,1.0,0.0
2020.0,ARM,0.0,2.0,2.0,4.0,s,0.0,ARM,2.0,0.3333333333333333,7.0,1.1666666666666667,10.0,1.6666666666666667,19.0,3.1666666666666665,0.0,ARM,28470.0,97.9,100.0,2.404683761951064,124.3508359,76.50770055,1.116232856941147,2.8366738237729,12641698583.21524,4505.867741756952,101.986747741699,96.6205673217773,94.89111328125,53.3061294555664,12.24,54.556,72.361,12.18,72.173,-0.533006606500067,2805608.0,36.687,63.313,Europe & Central Asia,Upper middle income,1.4257159232508605e-06,4505.8677417569525,3.5467650678657344e+16,63.313,54.556,72.173,96.6205673217773,94.89111328125,53.3061294555664,76.50770055,124.3508359,12.24,0.0,0.0,0.0,0.0
2020.0,AUS,17.0,7.0,22.0,46.0,s,0.0,AUS,172.0,5.0588235294117645,178.0,5.235294117647059,214.0,6.294117647058823,564.0,16.58823529411765,2.0,AUS,7692020.0,100.0,100.0,14.776136906625878,105.231579,96.39446689,3.068922681371735,7.17795187193903,1330381544909.3044,51868.24755678234,104.976997375488,99.9011077880859,137.490737915039,110.139221191406,10.6837368,60.829,77.697,6.456,83.2,1.23342825131378,25649248.0,13.759,86.241,East Asia & Pacific,High income,1.7934248988508357e-06,51868.24755678234,3.4123286180001886e+19,86.241,60.829,83.2,99.9011077880859,137.490737915039,110.139221191406,96.39446689,105.231579,10.6837368,0.0,0.0,0.0,0.0
2020.0,AUT,1.0,1.0,5.0,7.0,s,0.0,AUT,92.0,1.84,124.0,2.48,133.0,2.66,349.0,6.98,3.0,AUT,82520.0,100.0,100.0,6.632645737335458,120.3155961,87.52942813,0.0420824027177127,13.032040611627,435049316955.73663,48789.49784988721,97.6123962402344,101.560852050781,101.690559387207,88.7071990966797,11.39,57.648,77.032,5.201,81.19268292682928,0.415176731565556,8916864.0,41.252,58.748,Europe & Central Asia,High income,7.850293556120178e-07,48789.49784988721,3.8792755925871974e+18,58.748,57.648,81.19268292682928,101.560852050781,101.690559387207,88.7071990966797,87.52942813,120.3155961,11.39,0.0,0.0,1.0,0.0
2020.0,AZE,0.0,3.0,4.0,7.0,s,0.0,AZE,7.0,1.0,15.0,2.142857142857143,29.0,4.142857142857143,51.0,7.285714285714286,0.0,AZE,82646.0,98.1,100.0,3.39884957289227,100.577047,84.59999573,7.56521132032423,8.17220122972157,42693000000.0,4229.910649045028,98.5337295532227,98.2360687255859,81.7582626342773,36.1521987915039,5.85,62.649,73.303,7.24,66.868,0.684365325388407,10093121.0,43.603,56.397,Europe & Central Asia,Upper middle income,6.935416706091208e-07,4229.910649045028,4.30905614853e+17,56.397,62.649,66.868,98.2360687255859,81.7582626342773,36.1521987915039,84.59999573,100.577047,5.85,0.0,0.0,0.0,0.0
2020.0,BAH,2.0,0.0,0.0,2.0,s,0.0,BAH,8.0,0.8,2.0,0.2,5.0,0.5,15.0,1.5,0.0,BAH,785.0,100.0,100.0,21.97690780652589,119.86485,99.67103159,11.238745683888686,6.7386031028272,34621807712.76596,23433.187236257385,99.6566772460938,98.0046920776367,101.02108001709,56.6339988708496,4.71684837,70.08,73.269,1.767,79.174,-1.12524267833833,1477469.0,10.494,89.506,Middle East & North Africa,High income,1.3536663036584863e-06,23433.187236257385,5.115264761957261e+16,89.506,70.08,79.174,98.0046920776367,101.02108001709,56.6339988708496,99.67103159,119.86485,4.71684837,0.0,0.0,0.0,0.0
2020.0,BEL,3.0,1.0,3.0,7.0,s,0.0,BEL,45.0,1.40625,57.0,1.78125,62.0,1.9375,164.0,5.125,1.0,BEL,30280.0,100.0,100.0,7.398130657746813,99.72332827,91.52641629,0.0188316271658004,10.4792043810198,526021513474.2427,45587.96830831899,47.148998260498,102.064270019531,151.727508544922,79.4996032714844,11.19751263,50.833,69.084,5.555,80.69512195121952,0.430996815099722,11538604.0,1.9210000000000065,98.079,Europe & Central Asia,High income,6.066591764480348e-07,45587.96830831899,6.069553939459951e+18,98.079,50.833,80.69512195121952,102.064270019531,151.727508544922,79.4996032714844,91.52641629,99.72332827,11.19751263,0.0,0.0,1.0,0.0
2020.0,BLR,1.0,3.0,3.0,7.0,s,0.0,BLR,23.0,1.5333333333333334,39.0,2.6,51.0,3.4,113.0,7.533333333333333,0.0,BLR,202980.0,99.7,100.0,5.842407295900875,121.490553,85.08791245,0.292100099087634,12.1913000598105,61371755326.2351,6542.864539843605,95.6100616455078,94.4190673828125,95.0074691772461,76.8908920288086,6.41,62.052,78.497,4.049,72.45721951219514,-0.42347525027949,9379952.0,20.516999999999996,79.483,Europe & Central Asia,Upper middle income,7.462724755947578e-07,6542.864539843605,5.7566411911582957e+17,79.483,62.052,72.45721951219514,94.4190673828125,95.0074691772461,76.8908920288086,85.08791245,121.490553,6.41,0.0,0.0,0.0,0.0
2020.0,BRA,7.0,6.0,8.0,21.0,s,0.0,BRA,37.0,1.85,42.0,2.1,69.0,3.45,148.0,7.4,1.0,BRA,8358140.0,96.4,99.7,1.942523356314845,96.54706819,81.34269353,1.314163489667248,-1.31267875556685,1476107231194.106,6923.699911768198,96.5441131591797,105.498199462891,104.125999450684,54.5727996826172,10.18235016,52.03,66.601,13.697,74.009,0.665176682246802,213196304.0,12.927000000000008,87.073,Latin America & Caribbean,Upper middle income,9.850076950677343e-08,6923.699911768198,3.147006059982569e+20,87.073,52.03,74.009,105.498199462891,104.125999450684,54.5727996826172,81.34269353,96.54706819,10.18235016,0.0,0.0,0.0,0.0
2020.0,BRN,0.0,1.0,0.0,1.0,s,0.0,BRN,1.0,0.3333333333333333,2.0,0.6666666666666666,1.0,0.3333333333333333,4.0,1.3333333333333333,0.0,BRN,5270.0,100.0,100.0,21.70581243986643,121.4758051,96.06912594,9.249048251348254,31.1444467937863,12005799653.983503,27179.352886939847,100.352867126465,97.5299987792969,88.4315490722656,32.6983299255371,2.39334464,58.909,67.678,7.409,74.795,0.835902308961215,441725.0,21.75,78.25,East Asia & Pacific,High income,2.263851944082857e-06,27179.352886939847,5303261852155863.0,78.25,58.909,74.795,97.5299987792969,88.4315490722656,32.6983299255371,96.06912594,121.4758051,2.39334464,0.0,0.0,1.0,0.0
2020.0,BUL,3.0,1.0,2.0,6.0,s,0.0,BUL,55.0,2.619047619047619,89.0,4.238095238095238,85.0,4.0476190476190474,229.0,10.904761904761905,0.0,BUL,108560.0,28.0,99.7,4.923280379405005,113.849275,70.16248359,0.2954029966325225,7.96535734508682,70368758395.14104,10148.342395443482,91.2257766723633,88.9717636108398,91.2799377441406,74.3762283325195,8.48,52.706,72.629,5.125,73.65853658536587,-0.60024151846542,6934015.0,24.313999999999993,75.686,Europe & Central Asia,Upper middle income,8.652995414633513e-07,10148.342395443482,4.879380262432839e+17,75.686,52.706,73.65853658536587,88.9717636108398,91.2799377441406,74.3762283325195,70.16248359,113.849275,8.48,0.0,1.0,0.0,0.0
2020.0,CAN,7.0,6.0,11.0,24.0,s,0.0,CAN,150.0,2.9411764705882355,185.0,3.627450980392157,225.0,4.411764705882353,560.0,10.980392156862745,3.0,CAN,8965590.0,100.0,100.0,13.591696342109334,85.40841921,92.3,0.359354442831679,3.86104745752944,1655684730000.1936,43537.839298903986,48.7290000915527,97.7384185791016,110.079071044922,74.1571426391602,13.0351181,57.836,77.693,9.657,81.66048780487806,1.08436897113225,38028638.0,18.438,81.562,North America,High income,6.311033279708834e-07,43537.839298903986,6.29634352393051e+19,81.562,57.836,81.66048780487806,97.7384185791016,110.079071044922,74.1571426391602,92.3,85.40841921,13.0351181,0.0,0.0,0.0,0.0
2020.0,CHN,38.0,32.0,18.0,88.0,s,0.0,CHN,287.0,15.105263157894736,233.0,12.263157894736842,195.0,10.263157894736842,715.0,37.63157894736842,2.0,CHN,9388210.0,83.8,100.0,7.756137906597689,120.5961882,70.05275998,0.475068779435521,15.7926133101607,14687744162801.031,10408.719554107458,100.269378662109,99.0244293212891,106.068328857422,62.2367782592773,5.59359741,62.719,74.291,5.0,78.077,0.238040870229883,1411100000.0,38.572,61.428,East Asia & Pacific,Upper middle income,6.236269576925803e-08,10408.719554107456,2.0725875788128534e+22,61.428,62.719,78.077,99.0244293212891,106.068328857422,62.2367782592773,70.05275998,120.5961882,5.59359741,0.0,0.0,1.0,0.0
2020.0,CIV,0.0,0.0,1.0,1.0,s,0.0,CIV,1.0,0.3333333333333333,1.0,0.3333333333333333,2.0,0.6666666666666666,4.0,1.3333333333333333,0.0,CIV,318000.0,37.4,69.9,0.4063473568903829,149.543339,41.3736053,0.8477208919804671,20.056665374705,63027852805.42045,2350.751397255478,75.5859832763672,94.1609115600586,54.652530670166,9.77698040008545,3.62587261,62.377,65.467,2.559,59.032,2.50861820334885,26811790.0,48.294,51.706,Sub-Saharan Africa,Lower middle income,3.729702492821255e-08,2350.751397255478,1.689889553569844e+18,51.706,62.377,59.032,94.1609115600586,54.652530670166,9.77698040008545,41.3736053,149.543339,3.62587261,0.0,0.0,0.0,0.0
2020.0,COL,0.0,4.0,1.0,5.0,s,0.0,COL,5.0,0.5,12.0,1.2,15.0,1.5,32.0,3.2,0.0,COL,1109500.0,92.6,99.7,1.5522594228207756,132.8719623,69.79533474,1.92785529565366,4.99941971153997,270348342541.46512,5308.164707175122,99.6276016235352,107.083686828613,101.499450683594,55.7331085205078,8.71432114,53.285,68.275,15.983,74.769,1.47010203160178,50930662.0,18.575000000000003,81.425,Latin America & Caribbean,Upper middle income,9.817268819321454e-08,5308.164707175122,1.3769020056239581e+19,81.425,53.285,74.769,107.083686828613,101.499450683594,55.7331085205078,69.79533474,132.8719623,8.71432114,0.0,0.0,0.0,0.0
2020.0,CRO,3.0,3.0,2.0,8.0,s,0.0,CRO,18.0,1.5,19.0,1.5833333333333333,15.0,1.25,52.0,4.333333333333333,0.0,CRO,55960.0,100.0,100.0,3.8607053917305714,106.805903,78.32090004,0.305707601664697,6.92715210222068,58221300897.88384,14383.869500030596,97.8140869140625,96.3538284301758,102.675262451172,69.3469772338867,7.72,47.198,67.099,7.507,77.72439024390245,-0.433210220837755,4047680.0,42.447,57.553,Europe & Central Asia,High income,1.9764408253616886e-06,14383.869500030596,2.3566119521834646e+17,57.553,47.198,77.72439024390245,96.3538284301758,102.675262451172,69.3469772338867,78.32090004,106.805903,7.72,0.0,0.0,1.0,0.0
2020.0,CUB,7.0,3.0,5.0,15.0,s,0.0,CUB,84.0,5.25,72.0,4.5,79.0,4.9375,235.0,14.6875,0.0,CUB,103800.0,94.7,99.9,2.152769678474728,58.95001353,71.11907507,0.6500226386049002,17.0388724591052,107351800000.0,9499.57250428248,94.6259384155273,101.090461730957,102.037956237793,45.9299087524414,12.48639679,52.02,63.347,1.4,77.567,-0.141475202325743,11300698.0,22.805999999999997,77.194,Latin America & Caribbean,Upper middle income,1.3273516379253742e-06,9499.57250428248,1.2131502715564e+18,77.194,52.02,77.567,101.090461730957,102.037956237793,45.9299087524414,71.11907507,58.95001353,12.48639679,0.0,0.0,1.0,0.0
2020.0,CZE,4.0,4.0,3.0,11.0,s,0.0,CZE,29.0,2.0714285714285716,33.0,2.357142857142857,37.0,2.642857142857143,99.0,7.071428571428571,0.0,CZE,77198.53,100.0,100.0,8.304017495838886,123.4438209,81.33889705,0.2462016435719982,8.68828160203121,245974558654.04297,22992.87938333477,96.695198059082,99.7845306396484,99.3292617797852,67.1843719482422,9.2136879,58.265,76.474,2.551,78.17560975609756,0.243222682211879,10697858.0,25.938999999999993,74.061,Europe & Central Asia,High income,1.0282432240173687e-06,22992.879383334774,2.631400900093623e+18,74.061,58.265,78.17560975609756,99.7845306396484,99.3292617797852,67.1843719482422,81.33889705,123.4438209,9.2136879,0.0,1.0,0.0,0.0
2020.0,DEN,3.0,4.0,4.0,11.0,s,0.0,DEN,48.0,1.6551724137931034,78.0,2.689655172413793,84.0,2.896551724137931,210.0,7.241379310344827,0.0,DEN,40000.0,100.0,100.0,4.691237307516337,124.4957422,96.54914573,0.1136317000499122,18.5960679747119,354762748338.6615,60836.59241216378,99.7000274658203,100.459587097168,129.995193481445,82.6643295288086,10.56,58.522,78.827,5.637,81.60243902439025,0.291641177476633,5831404.0,11.884,88.116,Europe & Central Asia,High income,1.8863381785930112e-06,60836.59241216378,2.068764909713064e+18,88.116,58.522,81.60243902439025,100.459587097168,129.995193481445,82.6643295288086,96.54914573,124.4957422,10.56,0.0,0.0,0.0,0.0
2020.0,DOM,0.0,3.0,2.0,5.0,s,0.0,DOM,3.0,0.5,5.0,0.8333333333333334,4.0,0.6666666666666666,12.0,2.0,0.0,DOM,47531.0,91.9,100.0,2.080181721914415,81.72601454,82.19830578,0.8390013395696382,17.7860630270362,78844656298.17764,7167.914974328092,97.0056610107422,105.925239562988,80.0444107055664,58.7264099121094,4.93998051,56.66,63.818,6.126,72.889,1.07655224672892,10999664.0,17.459999999999994,82.54,Latin America & Caribbean,Upper middle income,4.5455933926709035e-07,7167.914974328092,8.672647274754378e+17,82.54,56.66,72.889,105.925239562988,80.0444107055664,58.7264099121094,82.19830578,81.72601454,4.93998051,0.0,0.0,0.0,0.0
2020.0,ECU,2.0,1.0,0.0,3.0,s,0.0,ECU,3.0,1.0,2.0,0.6666666666666666,0.0,0.0,5.0,1.6666666666666667,0.0,ECU,248360.0,94.4,98.9,1.9575753492533088,88.04208636,70.7,2.33936013727819,6.39644596809167,95865472000.0,5450.433761195821,98.2158584594727,97.683967590332,99.8858871459961,57.9376602172852,8.35889626,56.406,63.512,6.127,72.153,1.40190462603926,17588595.0,35.834,64.166,Latin America & Caribbean,Upper middle income,1.705650735604521e-07,5450.433761195821,1.68613896149184e+18,64.166,56.406,72.153,97.683967590332,99.8858871459961,57.9376602172852,70.7,88.04208636,8.35889626,1.0,0.0,0.0,0.0
2020.0,EGY,1.0,1.0,4.0,6.0,s,0.0,EGY,8.0,0.7272727272727273,11.0,1.0,18.0,1.6363636363636365,37.0,3.3636363636363638,0.0,EGY,995450.0,99.9,100.0,1.961122572089288,88.73336258,71.91420096,2.29861440741765,4.42344476309354,383817841547.0992,3571.556906513504,96.5726165771484,98.8963928222656,83.1626281738281,40.012939453125,4.15384626,38.303,44.029,7.974,70.99,1.73312957205986,107465134.0,57.217,42.783,Middle East & North Africa,Lower middle income,5.583206177363534e-08,3571.556906513504,4.124703577344978e+19,42.783,38.303,70.99,98.8963928222656,83.1626281738281,40.012939453125,71.91420096,88.73336258,4.15384626,0.0,0.0,0.0,0.0
2020.0,ESP,3.0,8.0,6.0,17.0,s,0.0,ESP,49.0,2.0416666666666665,72.0,3.0,49.0,2.0416666666666665,170.0,7.083333333333333,2.0,ESP,499556.645,100.0,100.0,4.2795945712140995,117.4899328,93.20564892,0.0085268984429826,6.8674863846357,1278128867875.49,26984.296277027945,96.0053405761719,103.410423278809,117.367767333984,90.9548492431641,10.74565983,47.577,72.273,15.532,82.33170731707318,0.488502131838585,47365655.0,19.19,80.81,Europe & Central Asia,High income,3.5890984723002355e-07,26984.296277027945,6.053941100133104e+19,80.81,47.577,82.33170731707318,103.410423278809,117.367767333984,90.9548492431641,93.20564892,117.4899328,10.74565983,0.0,0.0,0.0,0.0
2020.0,EST,1.0,0.0,1.0,2.0,s,0.0,EST,14.0,0.9333333333333333,11.0,0.7333333333333333,19.0,1.2666666666666666,44.0,2.933333333333333,0.0,EST,42750.0,100.0,100.0,5.338399815873676,144.8567221,89.05828666,0.374756824367254,14.2965583321277,31330419851.148724,23565.175943796887,95.801399230957,98.3466720581055,112.527702331543,72.0443572998047,7.57906532,59.077,79.067,6.956,78.59512195121953,0.197559185177642,1329522.0,30.771,69.229,Europe & Central Asia,High income,1.5043000416691111e-06,23565.175943796887,4.165448246133895e+16,69.229,59.077,78.59512195121953,98.3466720581055,112.527702331543,72.0443572998047,89.05828666,144.8567221,7.57906532,0.0,0.0,0.0,0.0
2020.0,ETH,1.0,1.0,2.0,4.0,s,0.0,ETH,23.0,1.7692307692307692,11.0,0.8461538461538461,23.0,1.7692307692307692,57.0,4.384615384615385,0.0,ETH,1128571.265,7.4,51.1,0.1544317715902046,37.97222807,16.42294727,5.506785572987288,16.1602347741379,107657734392.44585,918.6525940774184,64.0929565429688,114.557319641113,112.551849365234,10.3819999694824,3.48096275,76.627,81.505,4.024,65.371,2.65485915620519,117190911.0,78.305,21.695,Sub-Saharan Africa,Low income,3.413233983649124e-08,918.6525940774183,1.261650796964676e+19,21.695,76.627,65.371,114.557319641113,112.551849365234,10.3819999694824,16.42294727,37.97222807,3.48096275,0.0,0.0,1.0,0.0
2020.0,FIN,0.0,0.0,2.0,2.0,s,0.0,FIN,145.0,2.9,151.0,3.02,184.0,3.68,480.0,9.6,2.0,FIN,303940.0,100.0,100.0,6.570145127725746,128.7646479,92.17027106,0.0242379012655789,10.6979879578986,271886077382.10193,49169.71933884987,99.1813507080078,99.8175811767578,143.122909545898,96.4726333618164,9.63,54.414,78.133,7.759,81.93170731707318,0.143641197212847,5529543.0,14.483000000000004,85.517,Europe & Central Asia,High income,3.6169354320962874e-07,49169.71933884987,1.5034057559856602e+18,85.517,54.414,81.93170731707318,99.8175811767578,143.122909545898,96.4726333618164,92.17027106,128.7646479,9.63,0.0,1.0,0.0,0.0
2020.0,FRA,10.0,12.0,11.0,33.0,s,0.0,FRA,266.0,5.215686274509804,291.0,5.705882352941177,323.0,6.333333333333333,880.0,17.254901960784313,7.0,FRA,547557.0,100.0,100.0,3.9536824518799136,112.8271405,84.70640914,0.0256010714736677,5.96989012490859,2647418691598.4507,39179.74425960567,111.730003356934,102.732612609863,104.428581237793,68.4094924926758,12.13096142,50.162,71.704,8.01,82.17560975609757,0.271350507669993,67571107.0,19.02500000000001,80.975,Europe & Central Asia,High income,4.883744171898797e-07,39179.74425960567,1.788890116837989e+20,80.975,50.162,82.17560975609757,102.732612609863,104.428581237793,68.4094924926758,84.70640914,112.8271405,12.13096142,0.0,0.0,0.0,0.0
2020.0,GBR,22.0,21.0,22.0,65.0,s,0.0,GBR,303.0,6.586956521739131,330.0,7.173913043478261,328.0,7.130434782608695,961.0,20.891304347826086,4.0,GBR,241930.0,100.0,100.0,4.601142250901347,117.8163133,94.81820132,0.5615486683525158,3.29190335661587,2697806592293.8604,40217.00901169857,97.6972885131836,98.5916595458984,114.169616699219,69.986572265625,12.15863419,59.991,78.04,4.472,80.35121951219514,0.365758263815142,67081234.0,16.096999999999994,83.903,Europe & Central Asia,High income,9.689744228616904e-07,40217.00901169857,1.8097219530440704e+20,83.903,59.991,80.35121951219514,98.5916595458984,114.169616699219,69.986572265625,94.81820132,117.8163133,12.15863419,0.0,0.0,0.0,0.0
2020.0,GEO,2.0,5.0,1.0,8.0,s,0.0,GEO,10.0,1.4285714285714286,11.0,1.5714285714285714,19.0,2.7142857142857144,40.0,5.714285714285714,0.0,GEO,69490.0,89.6,100.0,2.7547091961890193,135.4280451,72.53157487,0.7145480709155902,-2.80290719735924,16010869215.679968,4300.85701291207,95.0958023071289,101.76244354248,107.726676940918,71.3107528686523,8.43,55.963,68.68,11.73,72.765,0.0686562494680967,3722716.0,40.547,59.453,Europe & Central Asia,Upper middle income,2.148968656217665e-06,4300.85701291207,5.960391900311926e+16,59.453,55.963,72.765,101.76244354248,107.726676940918,71.3107528686523,72.53157487,135.4280451,8.43,0.0,1.0,0.0,0.0
2020.0,GER,10.0,11.0,16.0,37.0,s,0.0,GER,310.0,10.689655172413794,300.0,10.344827586206897,313.0,10.793103448275861,923.0,31.82758620689655,2.0,GER,349390.0,100.0,100.0,7.255221028168403,128.8867207,89.81294133,0.0396520572133387,13.2463803745989,3887727161914.408,46749.4762280016,98.3834915161133,101.996658325195,101.307800292969,72.3894195556641,12.69255257,58.309,78.821,3.856,81.04146341463415,0.0816931586494595,83160871.0,22.546999999999997,77.453,Europe & Central Asia,High income,4.4492078492059085e-07,46749.47622800161,3.233067769951602e+20,77.453,58.309,81.04146341463415,101.996658325195,101.307800292969,72.3894195556641,89.81294133,128.8867207,12.69255257,0.0,0.0,0.0,0.0
2020.0,GHA,0.0,0.0,1.0,1.0,s,0.0,GHA,0.0,0.0,1.0,0.2,4.0,0.8,5.0,1.0,0.0,GHA,227533.0,28.3,85.4,0.6028874531426752,125.7336966,56.68215981,7.166315627998189,14.5722836672982,70043095503.6675,2176.5762180423885,88.0406112670898,96.8718109130859,73.2740478515625,18.6487197875977,4.01752424,66.02,69.941,3.285,64.114,2.06626880077022,32180401.0,42.651,57.349,Sub-Saharan Africa,Lower middle income,3.1074814760698604e-08,2176.5762180423885,2.2540149005893169e+18,57.349,66.02,64.114,96.8718109130859,73.2740478515625,18.6487197875977,56.68215981,125.7336966,4.01752424,0.0,0.0,0.0,0.0
2020.0,HKG,1.0,2.0,3.0,6.0,s,0.0,HKG,2.0,0.5,3.0,0.75,4.0,1.0,9.0,2.25,0.0,HKG,1050.0,100.0,100.0,3.472771016630666,291.4989659,92.41313602,29.52795780667295,9.2052074983424,344943149590.0583,46109.22999466091,104.46907043457,105.128761291504,100.485191345215,89.9478988647461,4.94385052,56.241,72.56,5.808,85.49634146341464,-0.358932661902885,7481000.0,0.0,100.0,East Asia & Pacific,High income,8.020318139286192e-07,46109.22999466091,2.580519702083226e+18,100.0,56.241,85.49634146341464,105.128761291504,100.485191345215,89.9478988647461,92.41313602,291.4989659,4.94385052,0.0,1.0,0.0,0.0
2020.0,HUN,6.0,7.0,7.0,20.0,s,0.0,HUN,183.0,5.228571428571429,158.0,4.514285714285714,185.0,5.285714285714286,526.0,15.028571428571428,0.0,HUN,91260.0,100.0,100.0,4.591652907047882,105.9697831,84.77115202,0.11301391702029,11.6360310997372,157288955508.17633,16131.95403559231,93.2889022827148,97.1699371337891,101.990699768066,54.6012001037598,7.29,54.3,72.765,4.25,75.56829268292685,-0.215067837129585,9750149.0,28.058000000000007,71.942,Europe & Central Asia,High income,2.051250703963601e-06,16131.95403559231,1.53359075225909e+18,71.942,54.3,75.56829268292685,97.1699371337891,101.990699768066,54.6012001037598,84.77115202,105.9697831,7.29,0.0,0.0,0.0,1.0
2020.0,IND,1.0,2.0,4.0,7.0,s,0.0,IND,10.0,0.5263157894736842,9.0,0.47368421052631576,16.0,0.8421052631578947,35.0,1.8421052631578947,0.0,IND,2973190.0,66.8,96.5,1.576093231916481,82.621059,43.40544313,0.901817540229968,15.6965733295176,2674851578586.8647,1915.551587999468,98.1042175292969,101.291000366211,75.109001159668,29.8199996948242,3.34,46.485,53.202,7.859,70.15,0.95522085775158,1396387127.0,65.074,34.926,South Asia,Lower middle income,5.012936502099392e-09,1915.551587999468,3.735128310974327e+21,34.926,46.485,70.15,101.291000366211,75.109001159668,29.8199996948242,43.40544313,82.621059,3.34,0.0,1.0,0.0,0.0
2020.0,IRL,2.0,0.0,2.0,4.0,s,0.0,IRL,11.0,0.7857142857142857,10.0,0.7142857142857143,14.0,1.0,35.0,2.5,0.0,IRL,68890.0,100.0,100.0,6.768227590182657,105.8205231,91.99989097,0.0307646714146591,14.1772798146625,428608687830.2393,85973.08848755006,98.976432800293,101.368812561035,135.224670410156,74.6803131103516,7.1091466,57.685,71.913,5.623,82.55609756097562,1.02911050277336,4985382.0,36.347,63.653,Europe & Central Asia,High income,8.023457379996157e-07,85973.08848755006,2.136778037352494e+18,63.653,57.685,82.55609756097562,101.368812561035,135.224670410156,74.6803131103516,91.99989097,105.8205231,7.1091466,0.0,0.0,0.0,0.0
2020.0,ISR,2.0,0.0,2.0,4.0,s,0.0,ISR,3.0,0.42857142857142855,1.0,0.14285714285714285,9.0,1.2857142857142858,13.0,1.8571428571428572,0.0,ISR,21640.0,100.0,100.0,6.3452160041670735,140.1086384,90.12734091,0.134324234023164,18.8788636843267,413267669231.52216,44846.79159548156,98.4821319580078,96.3747634887695,96.1416931152344,56.4272193908691,7.71,60.766,71.513,4.169,82.64878048780488,1.76367939210866,9215100.0,7.412999999999997,92.587,Middle East & North Africa,High income,4.340701674425671e-07,44846.79159548156,3.8083028987354e+18,92.587,60.766,82.64878048780488,96.3747634887695,96.1416931152344,56.4272193908691,90.12734091,140.1086384,7.71,0.0,0.0,0.0,0.0
2020.0,ITA,10.0,10.0,20.0,40.0,s,0.0,ITA,257.0,5.468085106382978,232.0,4.9361702127659575,270.0,5.74468085106383,759.0,16.148936170212767,5.0,ITA,295717.0,100.0,100.0,4.732372770799354,130.3870472,70.48342785,0.0451701902908457,5.54742170866756,1897461635591.912,31922.919162618266,98.7184982299805,102.634689331055,101.834747314453,68.722900390625,9.63,44.066,64.424,9.164,82.19512195121952,-0.487095091717782,59438851.0,28.961,71.039,Europe & Central Asia,High income,6.729605187018168e-07,31922.91916261827,1.1278293943616396e+20,71.039,44.066,82.19512195121952,102.634689331055,101.834747314453,68.722900390625,70.48342785,130.3870472,9.63,0.0,0.0,0.0,0.0
2020.0,JAM,4.0,1.0,4.0,9.0,s,0.0,JAM,27.0,1.6875,32.0,2.0,27.0,1.6875,86.0,5.375,0.0,JAM,10830.0,76.4,99.7,2.0690418077205086,101.8728665,79.43244028,0.1774610751620803,23.4864442516523,13812421835.736937,4897.264761808789,79.7702407836914,89.8730773925781,85.1645812988281,71.2871170043945,6.62580395,60.867,68.658,6.501,71.869,0.236519557799568,2820436.0,43.689,56.311,Latin America & Caribbean,Upper middle income,3.1909960020365644e-06,4897.26476180879,3.895705179269854e+16,56.311,60.867,71.869,89.8730773925781,85.1645812988281,71.2871170043945,79.43244028,101.8728665,6.62580395,0.0,1.0,0.0,0.0
2020.0,JOR,0.0,1.0,1.0,2.0,s,0.0,JOR,1.0,0.5,1.0,0.5,1.0,0.5,3.0,1.5,0.0,JOR,88794.0,99.9,99.9,1.919172426489797,63.94061117,75.44769493,0.0374820627477986,5.54551463395898,43700383098.59155,3998.673138292354,79.7702407836914,90.7408676147461,66.8760299682617,32.668529510498,7.03820276,32.276,42.055,19.213,75.184,2.12736281777905,10928721.0,8.581999999999994,91.418,Middle East & North Africa,Lower middle income,1.830040313043036e-07,3998.673138292354,4.775892944776226e+17,91.418,32.276,75.184,90.7408676147461,66.8760299682617,32.668529510498,75.44769493,63.94061117,7.03820276,0.0,0.0,1.0,0.0
2020.0,JPN,27.0,14.0,17.0,58.0,s,1.0,JPN,186.0,5.166666666666667,175.0,4.861111111111111,208.0,5.777777777777778,569.0,15.805555555555555,5.0,JPN,364500.0,100.0,100.0,8.031495869666802,155.7389638,90.21945812,0.028312516493455,4.81173284014487,5055587093501.588,40040.76550559229,79.7702407836914,102.736831665039,102.844802856445,62.1358413696289,11.0,60.209,80.296,2.809,84.56000000000002,-0.294194617750067,126261000.0,8.218000000000004,91.782,East Asia & Pacific,High income,4.593659166330062e-07,40040.76550559229,6.38323482012604e+20,91.782,60.209,84.56000000000002,102.736831665039,102.844802856445,62.1358413696289,90.21945812,155.7389638,11.0,0.0,0.0,1.0,0.0
2020.0,KAZ,0.0,0.0,8.0,8.0,s,0.0,KAZ,16.0,1.3333333333333333,25.0,2.0833333333333335,42.0,3.5,83.0,6.916666666666667,0.0,KAZ,2699700.0,93.5,100.0,11.297743305942856,128.0024709,85.94259898,6.85603147204135,8.11025874492084,171082365861.4229,9121.63640904156,100.877998352051,101.783996582031,94.4198989868164,64.8499984741211,3.75,65.816,77.308,4.89,71.37,1.29863532544565,18755666.0,42.329,57.671,Europe & Central Asia,Upper middle income,4.2653777263894546e-07,9121.636409041561,3.2087637125866506e+18,57.671,65.816,71.37,101.783996582031,94.4198989868164,64.8499984741211,85.94259898,128.0024709,3.75,0.0,0.0,1.0,0.0
2020.0,KEN,4.0,4.0,2.0,10.0,s,0.0,KEN,35.0,2.6923076923076925,42.0,3.230769230769231,33.0,2.5384615384615383,110.0,8.461538461538462,0.0,KEN,569140.0,23.6,71.5,0.3740792193557545,118.1263492,25.53293999,1.2905874730049496,6.02768876292431,100657505750.545,1936.2507545437425,102.726577758789,93.7850036621094,94.4198989868164,19.3490009307861,4.47622252,69.062,73.559,5.621,62.675,2.00970011079671,51985780.0,72.005,27.995,Sub-Saharan Africa,Lower middle income,1.92360295450025e-07,1936.2507545437425,5.232758949296567e+18,27.995,69.062,62.675,93.7850036621094,94.4198989868164,19.3490009307861,25.53293999,118.1263492,4.47622252,0.0,0.0,1.0,0.0
2020.0,KGZ,0.0,2.0,1.0,3.0,s,0.0,KGZ,0.0,0.0,3.0,1.0,3.0,1.0,6.0,2.0,0.0,KGZ,191800.0,77.1,99.9,1.379975379565039,132.4695239,72.0,4.758699133696257,13.6919679524856,8270468614.240511,1256.929226012631,100.921997070312,97.0541229248047,93.4160766601562,45.923999786377,5.26,61.743,67.752,4.63,71.80000000000001,1.89786382312175,6579900.0,63.144,36.856,Europe & Central Asia,Lower middle income,4.55933980759586e-07,1256.929226012631,5.441885643484114e+16,36.856,61.743,71.80000000000001,97.0541229248047,93.4160766601562,45.923999786377,72.0,132.4695239,5.26,0.0,0.0,0.0,0.0
2020.0,KOR,6.0,4.0,10.0,20.0,s,0.0,KOR,131.0,5.038461538461538,119.0,4.576923076923077,116.0,4.461538461538462,366.0,14.076923076923077,2.0,KOR,97600.0,100.0,100.0,10.990029581428546,136.0094467,96.50506052,0.0393290681021381,17.784697338119,1644312831906.1692,31721.29891418567,101.201568603516,99.217903137207,97.0888214111328,96.8767700195312,8.3497715,60.342,68.465,3.931,83.42682926829269,0.137869266247028,51836239.0,18.586,81.414,East Asia & Pacific,High income,3.858304611953039e-07,31721.298914185674,8.5234992945455e+19,81.414,60.342,83.42682926829269,99.217903137207,97.0888214111328,96.8767700195312,96.50506052,136.0094467,8.3497715,0.0,0.0,0.0,0.0
2020.0,LAT,1.0,0.0,1.0,2.0,s,0.0,LAT,4.0,0.2857142857142857,15.0,1.0714285714285714,12.0,0.8571428571428571,31.0,2.2142857142857144,0.0,LAT,62230.0,100.0,100.0,3.645612168492814,108.1340417,88.89796078,0.0242158311769009,5.23153478651093,34390910338.9604,18096.202707339373,98.3287582397461,99.8328475952148,105.956283569336,94.5108337402344,7.25,56.675,78.954,8.098,75.18536585365854,-0.701211570733301,1900449.0,31.685,68.315,Europe & Central Asia,High income,1.052382884255247e-06,18096.202707339373,6.535817116276696e+16,68.315,56.675,75.18536585365854,99.8328475952148,105.956283569336,94.5108337402344,88.89796078,108.1340417,7.25,0.0,0.0,0.0,0.0
2020.0,LTU,0.0,1.0,0.0,1.0,s,0.0,LTU,6.0,0.75,7.0,0.875,13.0,1.625,26.0,3.25,0.0,LTU,62620.0,100.0,100.0,4.18400041504391,130.2002612,83.05554724,0.0040726406324964,11.4959950244961,56964942999.365135,20381.855782747814,103.634483337402,102.764572143555,108.727897644043,70.7869033813477,7.48,57.007,78.538,8.487,74.97804878048781,0.0267667582795671,2794885.0,31.953999999999994,68.046,Europe & Central Asia,High income,3.5779647463133543e-07,20381.855782747818,1.5921046471478064e+17,68.046,57.007,74.97804878048781,102.764572143555,108.727897644043,70.7869033813477,83.05554724,130.2002612,7.48,0.0,0.0,0.0,0.0
2020.0,MAR,1.0,0.0,0.0,1.0,s,0.0,MAR,7.0,0.6363636363636364,5.0,0.45454545454545453,12.0,1.0909090909090908,24.0,2.1818181818181817,0.0,MAR,446300.0,98.1,100.0,1.818526387309992,133.893994,84.12036305,0.0829889044114196,20.7741799982652,121353645057.14368,3258.26904296875,96.9155807495117,112.553207397461,81.3967819213867,40.02001953125,5.83834505,39.442,47.884,11.203,73.92,1.05316017914606,36688772.0,36.468,63.532,Middle East & North Africa,Lower middle income,2.7256295195707287e-08,3307.6507727525923,4.452316214870471e+18,63.532,39.442,73.92,112.553207397461,81.3967819213867,40.02001953125,84.12036305,133.893994,5.83834505,0.0,0.0,0.0,0.0
2020.0,MDA,0.0,0.0,1.0,1.0,s,0.0,MDA,0.0,0.0,2.0,0.5,4.0,1.0,6.0,1.5,0.0,MDA,32884.6,97.4,100.0,3.2678463681108716,110.876909,59.15294877,0.0044330614455617,7.08673635258964,11530746234.44918,4375.778893052403,104.109466552734,106.507751464844,96.1725082397461,56.2425193786621,7.0,68.837,71.645,1.206,70.166,-1.09803165876287,2635130.0,57.151,42.849,Europe & Central Asia,Upper middle income,3.7948791900209856e-07,4375.778893052404,3.0385015324784068e+16,42.849,68.837,70.166,106.507751464844,96.1725082397461,56.2425193786621,59.15294877,110.876909,7.0,0.0,0.0,0.0,0.0
2020.0,MEX,0.0,0.0,4.0,4.0,s,0.0,MEX,13.0,0.6190476190476191,24.0,1.1428571428571428,35.0,1.6666666666666667,72.0,3.4285714285714284,1.0,MEX,1943950.0,85.4,99.4,3.040766374772257,97.53972081,71.49017499,1.10590360336365,6.95249313285909,1120832412468.8489,8895.61521605941,102.597717285156,104.517730712891,102.58154296875,45.1654510498047,6.22204065,53.977,60.557,4.441,70.133,0.727243815691995,125998302.0,19.269000000000005,80.731,Latin America & Caribbean,Upper middle income,3.1746459567367824e-08,8895.61521605941,1.4122298079763859e+20,80.731,53.977,70.133,104.517730712891,102.58154296875,45.1654510498047,71.49017499,97.53972081,6.22204065,0.0,0.0,1.0,0.0
2020.0,MKD,0.0,1.0,0.0,1.0,s,0.0,MKD,0.0,0.0,1.0,0.5,1.0,0.5,2.0,1.0,0.0,MKD,25220.0,79.6,100.0,3.6617704420609822,88.20817101,81.40553811,0.0002472907301323,11.9161449079504,12361036913.840923,6659.596510707756,89.2414398193359,92.2419128417969,77.5403213500977,40.4296417236328,7.73,45.439,65.197,16.575,74.39512195121951,-1.07910572041332,1856124.0,41.518,58.482,Europe & Central Asia,Upper middle income,5.387571089000519e-07,6659.596510707756,2.2943617280666068e+16,58.482,45.439,74.39512195121951,92.2419128417969,77.5403213500977,40.4296417236328,81.40553811,88.20817101,7.73,0.0,0.0,0.0,0.0
2020.0,NAM,0.0,1.0,0.0,1.0,s,0.0,NAM,0.0,0.0,5.0,1.6666666666666667,0.0,0.0,5.0,1.6666666666666667,0.0,NAM,823290.0,46.9,52.3,1.588045147278251,116.4327399,48.76420428,1.578183378138378,11.5870992340811,10583748541.525812,4252.041720143527,100.320167541504,133.141006469727,84.5429992675781,28.3682403564453,8.90162563,45.462,58.959,20.966,62.829,1.72031062423917,2489098.0,47.967,52.033,Sub-Saharan Africa,Upper middle income,4.017519599469366e-07,4252.041720143527,2.6343987327214816e+16,52.033,45.462,62.829,133.141006469727,84.5429992675781,28.3682403564453,48.76420428,116.4327399,8.90162563,0.0,0.0,0.0,0.0
2020.0,NED,10.0,12.0,14.0,36.0,s,0.0,NED,148.0,3.441860465116279,157.0,3.6511627906976742,168.0,3.9069767441860463,473.0,11.0,1.0,NED,33670.0,100.0,100.0,7.471553478771895,122.8307665,91.33333333,0.0724657054602596,13.692626834899,909793466661.4812,52162.570115040624,80.6800308227539,104.338813781738,115.440399169922,85.1104507446289,11.21,62.084,81.304,3.819,81.35853658536585,0.55554079025497,17441500.0,7.763999999999996,92.236,Europe & Central Asia,High income,2.0640426568815756e-06,52162.57011504063,1.5868162748776225e+19,92.236,62.084,81.35853658536585,104.338813781738,115.440399169922,85.1104507446289,91.33333333,122.8307665,11.21,1.0,0.0,0.0,0.0
2020.0,NOR,4.0,2.0,2.0,8.0,s,0.0,NOR,208.0,4.333333333333333,187.0,3.8958333333333335,173.0,3.6041666666666665,568.0,11.833333333333334,3.0,NOR,364285.0,100.0,100.0,6.725080049633097,108.285471,94.60755647,3.18099507439657,13.593853001873,367633418886.62726,68340.01810337017,99.18359375,98.8857498168945,119.941543579102,87.1685333251953,11.42,60.779,78.146,4.422,83.20975609756097,0.588757324043059,5379475.0,17.025999999999996,82.974,Europe & Central Asia,High income,1.4871339675340066e-06,68340.01810337017,1.9776747860651392e+18,82.974,60.779,83.20975609756097,98.8857498168945,119.941543579102,87.1685333251953,94.60755647,108.285471,11.42,0.0,0.0,1.0,0.0
2020.0,NZL,7.0,6.0,7.0,20.0,s,0.0,NZL,55.0,2.2,36.0,1.44,56.0,2.24,147.0,5.88,0.0,NZL,263310.0,100.0,100.0,6.160799182743311,123.2134933,92.8650738,0.2838542606418306,11.3313616636631,212697530897.56036,41785.69229058983,92.9577484130859,97.5365295410156,116.893188476562,75.7348327636719,10.07205391,67.009,81.044,4.595,82.25609756097562,2.20478869594563,5090200.0,13.301000000000002,86.699,East Asia & Pacific,High income,3.929118698675887e-06,41785.69229058983,1.0826729717747617e+18,86.699,67.009,82.25609756097562,97.5365295410156,116.893188476562,75.7348327636719,92.8650738,123.2134933,10.07205391,0.0,1.0,0.0,0.0
2020.0,PHI,1.0,2.0,1.0,4.0,s,0.0,PHI,1.0,0.1111111111111111,5.0,0.5555555555555556,8.0,0.8888888888888888,14.0,1.5555555555555556,0.0,PHI,298170.0,54.6,96.4,1.1896794516728382,133.3257005,47.11190815,0.3912883121845349,13.6207770128426,361751145451.59674,3224.422811217668,98.1129989624023,95.8000030517578,89.245002746582,32.8470001220703,5.16,53.37,56.914,2.522,72.119,1.62663290469171,112190977.0,52.592,47.408,East Asia & Pacific,Lower middle income,3.565349110026914e-08,3224.422811217668,4.0585214439083745e+19,47.408,53.37,72.119,95.8000030517578,89.245002746582,32.8470001220703,47.11190815,133.3257005,5.16,0.0,0.0,1.0,0.0
2020.0,POL,4.0,5.0,5.0,14.0,s,0.0,POL,78.0,2.5161290322580645,96.0,3.096774193548387,145.0,4.67741935483871,319.0,10.290322580645162,0.0,POL,306130.0,100.0,100.0,7.367563372927092,128.4226449,83.18488715,0.1117856615610998,11.2312053369573,599442732365.372,15816.819050318963,94.6803894042969,82.211540222168,112.576263427734,70.9730377197266,6.5,55.074,71.05,3.162,76.5,-0.175062058196296,37899070.0,39.957,60.043,Europe & Central Asia,High income,3.694022043284967e-07,15816.819050318963,2.2718322074906497e+19,60.043,55.074,76.5,82.211540222168,112.576263427734,70.9730377197266,83.18488715,128.4226449,6.5,1.0,0.0,0.0,0.0
2020.0,POR,1.0,1.0,2.0,4.0,s,0.0,POR,5.0,0.3333333333333333,9.0,0.6,13.0,0.8666666666666667,27.0,1.8,0.0,POR,91605.6,100.0,100.0,3.784907586917108,115.078977,78.26166044,0.177444129396746,1.59150322804289,229031860520.77728,22242.406417971975,102.536422729492,105.589859008789,118.360000610352,67.7980194091797,10.55,54.056,74.227,6.796,80.97560975609757,0.10511412524675,10297081.0,33.69,66.31,Europe & Central Asia,High income,3.8845960326038027e-07,22242.406417971975,2.3583596193631457e+18,66.31,54.056,80.97560975609757,105.589859008789,118.360000610352,67.7980194091797,78.26166044,115.078977,10.55,0.0,1.0,0.0,0.0
2020.0,QAT,2.0,0.0,1.0,3.0,s,0.0,QAT,2.0,0.4,1.0,0.2,5.0,1.0,8.0,1.6,0.0,QAT,11490.0,100.0,100.0,31.726842451324725,137.6081235,99.65284913,6.314517102554324,17.9909920152694,144411363351.64835,52315.66008062221,103.134178161621,102.090957641602,107.666152954102,23.7649192810059,3.81872201,87.493,88.494,0.14,79.099,-1.68298503942558,2760385.0,0.7650000000000006,99.235,Middle East & North Africa,High income,1.0868049203281427e-06,52315.66008062221,3.986309612254398e+17,99.235,87.493,79.099,102.090957641602,107.666152954102,23.7649192810059,99.65284913,137.6081235,3.81872201,0.0,1.0,0.0,0.0
2020.0,ROU,1.0,3.0,0.0,4.0,s,0.0,ROU,89.0,4.238095238095238,98.0,4.666666666666667,121.0,5.761904761904762,308.0,14.666666666666666,0.0,ROU,230080.0,100.0,100.0,3.5641375014598826,116.1812357,78.45526895,0.2302567445338434,6.21220522234865,251362514349.6971,13047.456656399328,86.3811111450195,92.4761123657227,86.2643814086914,53.4787902832031,6.23,52.29,68.888,5.035,74.25365853658539,-0.550759892541776,19265250.0,45.806,54.194,Europe & Central Asia,High income,2.0762772349177924e-07,13047.456656399327,4.842561679575502e+18,54.194,52.29,74.25365853658539,92.4761123657227,86.2643814086914,53.4787902832031,78.45526895,116.1812357,6.23,0.0,0.0,0.0,0.0
2020.0,SLO,3.0,1.0,1.0,5.0,s,0.0,SLO,12.0,0.8571428571428571,17.0,1.2142857142857142,23.0,1.6428571428571428,52.0,3.7142857142857144,0.0,SLO,20136.4,100.0,100.0,5.934735178858258,120.4592752,86.60130109,0.1843911955358054,11.6573932768854,53734526854.22894,25558.429054450586,96.7955780029297,100.231536865234,110.359169006348,75.8166809082031,9.43,54.906,74.755,4.974,80.53170731707318,0.669754656164979,2102419.0,44.882,55.118,Europe & Central Asia,High income,2.378212906180928e-06,25558.429054450586,1.1297249021434115e+17,55.118,54.906,80.53170731707318,100.231536865234,110.359169006348,75.8166809082031,86.60130109,120.4592752,9.43,0.0,0.0,0.0,0.0
2020.0,SMR,0.0,1.0,2.0,3.0,s,0.0,SMR,0.0,0.0,1.0,1.0,2.0,2.0,3.0,3.0,0.0,SMR,60.0,100.0,100.0,1.0132802435063568,114.6822713,70.48342785,0.5673055325563539,5.83915618193823,1541247883.9935052,45321.48922261609,90.243896484375,96.2762832641602,62.1942405700684,53.75,8.48147392,58.19,64.222,2.999,71.475,-0.501577644647767,34007.0,2.5010000000000048,97.499,Europe & Central Asia,High income,8.821713176698915e-05,45321.48922261609,52413216790967.13,97.499,58.19,71.475,96.2762832641602,62.1942405700684,53.75,70.48342785,114.6822713,8.48147392,0.0,0.0,0.0,0.0
2020.0,SRB,3.0,1.0,5.0,9.0,s,0.0,SRB,6.0,1.5,7.0,1.75,11.0,2.75,24.0,6.0,0.0,SRB,84090.0,80.4,100.0,6.714517172175142,120.2168595,78.36804864,0.266130028945521,6.01055108032764,53356484591.43781,7733.803468937633,98.6887817382812,98.0834732055664,92.6907577514648,68.5755081176758,8.70042133,49.436,67.963,9.011,74.47804878048781,-0.666107601320794,6899126.0,43.554,56.446,Europe & Central Asia,Upper middle income,1.3045130644084483e-06,7733.803468937633,3.6811311011338797e+17,56.446,49.436,74.47804878048781,98.0834732055664,92.6907577514648,68.5755081176758,78.36804864,120.2168595,8.70042133,0.0,0.0,0.0,0.0
2020.0,SUI,3.0,4.0,6.0,13.0,s,0.0,SUI,114.0,2.28,130.0,2.6,133.0,2.66,377.0,7.54,4.0,SUI,39509.63,100.0,100.0,4.042072814753408,127.4054064,94.34995199,0.0014584935701474,11.8899083098521,741999406005.6272,85897.7843338323,94.2758178710938,101.731712341309,104.211616516113,68.0676422119141,11.73206806,64.599,83.923,4.817,83.0,0.730676195047382,8638167.0,26.084999999999994,73.915,Europe & Central Asia,High income,1.5049489087210285e-06,85897.7843338323,6.409514782977411e+18,73.915,64.599,83.0,101.731712341309,104.211616516113,68.0676422119141,94.34995199,127.4054064,11.73206806,0.0,0.0,0.0,0.0
2020.0,SVK,1.0,2.0,1.0,4.0,s,0.0,SVK,14.0,1.1666666666666667,17.0,1.4166666666666667,11.0,0.9166666666666666,42.0,3.5,0.0,SVK,48080.0,100.0,100.0,5.3190548079285165,133.5923247,89.92090413,0.0077803922277313,5.02925768530228,106737868873.94116,19553.260961364253,96.8190612792969,99.9172286987305,90.813346862793,48.3790016174316,7.13,55.073,72.666,6.719,76.86585365853658,0.0857694756149868,5458827.0,46.24,53.76,Europe & Central Asia,High income,7.327581548197076e-07,19553.260961364256,5.826635605315296e+17,53.76,55.073,76.86585365853658,99.9172286987305,90.813346862793,48.3790016174316,89.92090413,133.5923247,7.13,0.0,0.0,0.0,0.0
2020.0,SWE,3.0,6.0,0.0,9.0,s,0.0,SWE,212.0,4.1568627450980395,228.0,4.470588235294118,238.0,4.666666666666667,678.0,13.294117647058824,1.0,SWE,407283.532,100.0,100.0,3.242989143127474,123.3665446,94.53943122,0.1172600076733052,19.6505842148334,547054174235.87585,52837.9039778149,99.6735229492188,119.500106811523,136.426132202148,79.1196365356445,11.33,59.977,82.505,8.291,82.35609756097561,0.722703912882934,10353442.0,12.022999999999996,87.977,Europe & Central Asia,High income,8.692761305853648e-07,52837.9039778149,5.663893663809035e+18,87.977,59.977,82.35609756097561,119.500106811523,136.426132202148,79.1196365356445,94.53943122,123.3665446,11.33,0.0,0.0,0.0,0.0
2020.0,SYR,0.0,0.0,1.0,1.0,s,0.0,SYR,1.0,0.25,1.0,0.25,2.0,0.5,4.0,1.0,0.0,SYR,183630.0,92.5,89.0,1.2148024837532334,80.20304156,35.78,1.398983466658441,-1.35474399045683,11155888304.002296,537.048370894551,55.6847496032715,71.1900863647461,37.9215202331543,46.5840187072754,5.25937986,31.075,38.632,15.176,72.14,3.30017735470972,20772595.0,44.525,55.475,Middle East & North Africa,Low income,4.814035030288705e-08,537.048370894551,2.3173674960427658e+17,55.475,31.075,72.14,71.1900863647461,37.9215202331543,46.5840187072754,35.78,80.20304156,5.25937986,0.0,0.0,0.0,0.0
2020.0,THA,1.0,0.0,1.0,2.0,s,0.0,THA,10.0,0.9090909090909091,8.0,0.7272727272727273,15.0,1.3636363636363635,33.0,3.0,0.0,THA,510890.0,84.3,100.0,3.714255806004125,162.7043297,77.84374066,0.688355229537307,10.2653583740907,500461898480.24554,7001.850286836728,99.4400024414062,99.431999206543,110.958999633789,48.0149993896484,4.35728741,66.283,75.136,1.099,79.274,0.235182865291138,71475664.0,48.57,51.43,East Asia & Pacific,Upper middle income,2.7981551874775167e-08,7001.850286836728,3.577084650057614e+19,51.43,66.283,79.274,99.431999206543,110.958999633789,48.0149993896484,77.84374066,162.7043297,4.35728741,0.0,0.0,0.0,0.0
2020.0,TKM,0.0,1.0,0.0,1.0,s,0.0,TKM,0.0,0.0,1.0,1.0,0.0,0.0,1.0,1.0,0.0,TKM,469930.0,99.9,100.0,10.184086299232147,98.62952004,21.25099741,6.202372294057404,16.9789541348772,45818000000.0,7330.366287930542,90.251106262207,109.434928894043,88.4751815795898,14.3487100601196,5.68472815,44.366,49.455,4.489,68.687,1.4831290153972,6250438.0,47.484,52.516,Europe & Central Asia,Upper middle income,1.5998878798573797e-07,7330.366287930542,2.86382568284e+17,52.516,44.366,68.687,109.434928894043,88.4751815795898,14.3487100601196,21.25099741,98.62952004,5.68472815,0.0,0.0,0.0,0.0
2020.0,TUN,1.0,1.0,0.0,2.0,s,0.0,TUN,5.0,0.625,3.0,0.375,7.0,0.875,15.0,1.875,0.0,TUN,155360.0,99.9,99.9,2.408622528238803,122.1279008,72.80748713,0.92589081537846,-3.75844422680469,42491816475.71184,3493.8977376570606,97.7275619506836,105.254287719727,91.1704330444336,33.1319389343262,7.05024958,36.444,49.715,17.576,75.292,0.928583172377061,12161723.0,30.432,69.568,Middle East & North Africa,Lower middle income,1.6445038256503623e-07,3493.8977376570606,5.167737017444436e+17,69.568,36.444,75.292,105.254287719727,91.1704330444336,33.1319389343262,72.80748713,122.1279008,7.05024958,0.0,0.0,0.0,0.0
2020.0,TUR,2.0,2.0,9.0,13.0,s,0.0,TUR,41.0,2.2777777777777777,30.0,1.6666666666666667,36.0,2.0,107.0,5.944444444444445,0.0,TUR,769630.0,95.3,100.0,4.885863926083305,97.61417509,77.6695605,0.1558128313125693,13.3135173725319,720338498174.7438,8638.739132592988,100.577331542969,103.296417236328,112.527458190918,118.883682250977,4.62,42.837,54.048,13.148,75.85,0.970386031353162,83384680.0,23.894999999999996,76.105,Europe & Central Asia,Upper middle income,1.5590393822942057e-07,8638.739132592988,6.006519516198159e+19,76.105,42.837,75.85,103.296417236328,112.527458190918,118.883682250977,77.6695605,97.61417509,4.62,0.0,0.0,0.0,0.0
2020.0,UGA,2.0,1.0,1.0,4.0,s,0.0,UGA,4.0,0.6666666666666666,4.0,0.6666666666666666,3.0,0.5,11.0,1.8333333333333333,0.0,UGA,200520.0,0.7,42.1,0.1277930348269462,62.35610757,6.1,8.51651964032318,-0.0493641205296445,37600368239.882416,846.7672026196202,52.9703216552734,105.526321411133,24.0,4.75600004196167,4.30198574,66.676,70.06,3.914,62.851,3.33280874526165,44404611.0,75.04599999999999,24.954,Sub-Saharan Africa,Low income,9.008073508402089e-08,846.7672026196202,1.6696297251487334e+18,24.954,66.676,62.851,105.526321411133,24.0,4.75600004196167,6.1,62.35610757,4.30198574,0.0,0.0,0.0,0.0
2020.0,UKR,1.0,6.0,12.0,19.0,s,0.0,UKR,40.0,3.076923076923077,39.0,3.0,76.0,5.846153846153846,155.0,11.923076923076923,0.0,UKR,579400.0,95.1,100.0,3.747387845127802,129.3411657,75.03790912,0.2884133871433079,-0.739285598627013,156617722013.3422,3751.7373046875,89.7577972412109,91.1122131347656,84.4283294677734,82.1345977783203,7.56,49.867,67.172,9.475,71.18512195121953,-0.601605747337822,44207754.0,30.391999999999996,69.608,Europe & Central Asia,Lower middle income,4.2978885559307083e-07,3542.765868932002,6.923717726806217e+18,69.608,49.867,71.18512195121953,91.1122131347656,84.4283294677734,82.1345977783203,75.03790912,129.3411657,7.56,0.0,0.0,0.0,0.0
2020.0,USA,39.0,41.0,33.0,113.0,s,0.0,USA,1178.0,22.653846153846153,960.0,18.46153846153846,842.0,16.192307692307693,2980.0,57.30769230769231,10.0,USA,9147420.0,100.0,100.0,13.03222172902616,104.9353748,90.62047017,0.1607665598190447,5.75876528705945,21322950000000.0,64317.39891250404,100.923667907715,100.305793762207,100.509819030762,87.5676574707031,18.75621986,56.38,71.72,8.055,76.98048780487805,0.968999515833015,331526933.0,17.336,82.664,North America,High income,3.408471190483942e-07,64317.39891250404,7.06913221601235e+21,82.664,56.38,76.98048780487805,100.305793762207,100.509819030762,87.5676574707031,90.62047017,104.9353748,18.75621986,0.0,0.0,0.0,0.0
2020.0,UZB,3.0,0.0,2.0,5.0,s,0.0,UZB,13.0,1.625,7.0,0.875,19.0,2.375,39.0,4.875,0.0,UZB,440650.0,80.1,100.0,3.376303785487577,99.58344787,71.09999824,6.32694592227649,10.8761411992733,60224701296.78847,1759.3074705367767,101.914001464844,99.4990005493164,91.2789993286133,16.2819995880127,6.75,52.678,59.612,5.293,70.331,1.92212652692564,34232050.0,49.584,50.416,Europe & Central Asia,Lower middle income,1.460619507157766e-07,1759.3074705367767,2.0616149860267277e+18,50.416,52.678,70.331,99.4990005493164,91.2789993286133,16.2819995880127,71.09999824,99.58344787,6.75,0.0,0.0,0.0,0.0
2020.0,VEN,1.0,3.0,0.0,4.0,s,0.0,VEN,3.0,0.2727272727272727,7.0,0.6363636363636364,9.0,0.8181818181818182,19.0,1.7272727272727273,0.0,VEN,882050.0,95.5,99.9,2.545027978319615,58.06789032,61.6,0.0194318111237814,3.22796722348203,966492592.5925924,9297.846929162586,89.1427536010742,100.678001403809,84.1052017211914,31.5289993286133,4.08657551,47.189,54.763,7.53,71.095,-1.67498559751263,28490453.0,11.721000000000004,88.279,Latin America & Caribbean,Low income,1.40397908029051e-07,33.92338453139346,2.75358117841074e+16,88.279,47.189,71.095,100.678001403809,84.1052017211914,31.5289993286133,61.6,58.06789032,4.08657551,0.0,0.0,0.0,0.0
0.0,0,0.0,0.0,0.0,0.0,0,0.0,0,0.0,0.0,0.0,0.0,0.0,0.0,0.0,0.0,0.0,0,0.0,0.0,0.0,0.0,0.0,0.0,0.0,0.0,0.0,0.0,0.0,0.0,0.0,0.0,0.0,0.0,0.0,0.0,0.0,0.0,0.0,0.0,0.0,0,0,0.0,0.0,0.0,0.0,0.0,0.0,0.0,0.0,0.0,0.0,0.0,0.0,0.0,0.0,0.0,0.0
0.0,0,0.0,0.0,0.0,0.0,0,0.0,0,0.0,0.0,0.0,0.0,0.0,0.0,0.0,0.0,0.0,0,0.0,0.0,0.0,0.0,0.0,0.0,0.0,0.0,0.0,0.0,0.0,0.0,0.0,0.0,0.0,0.0,0.0,0.0,0.0,0.0,0.0,0.0,0.0,0,0,0.0,0.0,0.0,0.0,0.0,0.0,0.0,0.0,0.0,0.0,0.0,0.0,0.0,0.0,1.0,0.0
0.0,0,0.0,0.0,0.0,0.0,0,0.0,0,0.0,0.0,0.0,0.0,0.0,0.0,0.0,0.0,0.0,0,0.0,0.0,0.0,0.0,0.0,0.0,0.0,0.0,0.0,0.0,0.0,0.0,0.0,0.0,0.0,0.0,0.0,0.0,0.0,0.0,0.0,0.0,0.0,0,0,0.0,0.0,0.0,0.0,0.0,0.0,0.0,0.0,0.0,0.0,0.0,0.0,0.0,0.0,1.0,0.0
0.0,0,0.0,0.0,0.0,0.0,0,0.0,0,0.0,0.0,0.0,0.0,0.0,0.0,0.0,0.0,0.0,0,0.0,0.0,0.0,0.0,0.0,0.0,0.0,0.0,0.0,0.0,0.0,0.0,0.0,0.0,0.0,0.0,0.0,0.0,0.0,0.0,0.0,0.0,0.0,0,0,0.0,0.0,0.0,0.0,0.0,0.0,0.0,0.0,0.0,0.0,0.0,0.0,0.0,0.0,1.0,0.0
0.0,0,0.0,0.0,0.0,0.0,0,0.0,0,0.0,0.0,0.0,0.0,0.0,0.0,0.0,0.0,0.0,0,0.0,0.0,0.0,0.0,0.0,0.0,0.0,0.0,0.0,0.0,0.0,0.0,0.0,0.0,0.0,0.0,0.0,0.0,0.0,0.0,0.0,0.0,0.0,0,0,0.0,0.0,0.0,0.0,0.0,0.0,0.0,0.0,0.0,0.0,0.0,0.0,0.0,0.0,0.0,0.0
0.0,0,0.0,0.0,0.0,0.0,0,0.0,0,0.0,0.0,0.0,0.0,0.0,0.0,0.0,0.0,0.0,0,0.0,0.0,0.0,0.0,0.0,0.0,0.0,0.0,0.0,0.0,0.0,0.0,0.0,0.0,0.0,0.0,0.0,0.0,0.0,0.0,0.0,0.0,0.0,0,0,0.0,0.0,0.0,0.0,0.0,0.0,0.0,0.0,0.0,0.0,0.0,0.0,0.0,0.0,0.0,0.0
0.0,0,0.0,0.0,0.0,0.0,0,0.0,0,0.0,0.0,0.0,0.0,0.0,0.0,0.0,0.0,0.0,0,0.0,0.0,0.0,0.0,0.0,0.0,0.0,0.0,0.0,0.0,0.0,0.0,0.0,0.0,0.0,0.0,0.0,0.0,0.0,0.0,0.0,0.0,0.0,0,0,0.0,0.0,0.0,0.0,0.0,0.0,0.0,0.0,0.0,0.0,0.0,0.0,0.0,0.0,1.0,0.0
0.0,0,0.0,0.0,0.0,0.0,0,0.0,0,0.0,0.0,0.0,0.0,0.0,0.0,0.0,0.0,0.0,0,0.0,0.0,0.0,0.0,0.0,0.0,0.0,0.0,0.0,0.0,0.0,0.0,0.0,0.0,0.0,0.0,0.0,0.0,0.0,0.0,0.0,0.0,0.0,0,0,0.0,0.0,0.0,0.0,0.0,0.0,0.0,0.0,0.0,0.0,0.0,0.0,0.0,0.0,1.0,0.0
0.0,0,0.0,0.0,0.0,0.0,0,0.0,0,0.0,0.0,0.0,0.0,0.0,0.0,0.0,0.0,0.0,0,0.0,0.0,0.0,0.0,0.0,0.0,0.0,0.0,0.0,0.0,0.0,0.0,0.0,0.0,0.0,0.0,0.0,0.0,0.0,0.0,0.0,0.0,0.0,0,0,0.0,0.0,0.0,0.0,0.0,0.0,0.0,0.0,0.0,0.0,0.0,0.0,0.0,1.0,0.0,0.0
0.0,0,0.0,0.0,0.0,0.0,0,0.0,0,0.0,0.0,0.0,0.0,0.0,0.0,0.0,0.0,0.0,0,0.0,0.0,0.0,0.0,0.0,0.0,0.0,0.0,0.0,0.0,0.0,0.0,0.0,0.0,0.0,0.0,0.0,0.0,0.0,0.0,0.0,0.0,0.0,0,0,0.0,0.0,0.0,0.0,0.0,0.0,0.0,0.0,0.0,0.0,0.0,0.0,0.0,0.0,0.0,0.0
0.0,0,0.0,0.0,0.0,0.0,0,0.0,0,0.0,0.0,0.0,0.0,0.0,0.0,0.0,0.0,0.0,0,0.0,0.0,0.0,0.0,0.0,0.0,0.0,0.0,0.0,0.0,0.0,0.0,0.0,0.0,0.0,0.0,0.0,0.0,0.0,0.0,0.0,0.0,0.0,0,0,0.0,0.0,0.0,0.0,0.0,0.0,0.0,0.0,0.0,0.0,0.0,0.0,0.0,1.0,0.0,0.0
0.0,0,0.0,0.0,0.0,0.0,0,0.0,0,0.0,0.0,0.0,0.0,0.0,0.0,0.0,0.0,0.0,0,0.0,0.0,0.0,0.0,0.0,0.0,0.0,0.0,0.0,0.0,0.0,0.0,0.0,0.0,0.0,0.0,0.0,0.0,0.0,0.0,0.0,0.0,0.0,0,0,0.0,0.0,0.0,0.0,0.0,0.0,0.0,0.0,0.0,0.0,0.0,0.0,0.0,0.0,0.0,0.0
0.0,0,0.0,0.0,0.0,0.0,0,0.0,0,0.0,0.0,0.0,0.0,0.0,0.0,0.0,0.0,0.0,0,0.0,0.0,0.0,0.0,0.0,0.0,0.0,0.0,0.0,0.0,0.0,0.0,0.0,0.0,0.0,0.0,0.0,0.0,0.0,0.0,0.0,0.0,0.0,0,0,0.0,0.0,0.0,0.0,0.0,0.0,0.0,0.0,0.0,0.0,0.0,0.0,0.0,0.0,0.0,0.0
0.0,0,0.0,0.0,0.0,0.0,0,0.0,0,0.0,0.0,0.0,0.0,0.0,0.0,0.0,0.0,0.0,0,0.0,0.0,0.0,0.0,0.0,0.0,0.0,0.0,0.0,0.0,0.0,0.0,0.0,0.0,0.0,0.0,0.0,0.0,0.0,0.0,0.0,0.0,0.0,0,0,0.0,0.0,0.0,0.0,0.0,0.0,0.0,0.0,0.0,0.0,0.0,0.0,0.0,0.0,0.0,0.0
0.0,0,0.0,0.0,0.0,0.0,0,0.0,0,0.0,0.0,0.0,0.0,0.0,0.0,0.0,0.0,0.0,0,0.0,0.0,0.0,0.0,0.0,0.0,0.0,0.0,0.0,0.0,0.0,0.0,0.0,0.0,0.0,0.0,0.0,0.0,0.0,0.0,0.0,0.0,0.0,0,0,0.0,0.0,0.0,0.0,0.0,0.0,0.0,0.0,0.0,0.0,0.0,0.0,0.0,0.0,1.0,0.0
0.0,0,0.0,0.0,0.0,0.0,0,0.0,0,0.0,0.0,0.0,0.0,0.0,0.0,0.0,0.0,0.0,0,0.0,0.0,0.0,0.0,0.0,0.0,0.0,0.0,0.0,0.0,0.0,0.0,0.0,0.0,0.0,0.0,0.0,0.0,0.0,0.0,0.0,0.0,0.0,0,0,0.0,0.0,0.0,0.0,0.0,0.0,0.0,0.0,0.0,0.0,0.0,0.0,0.0,0.0,0.0,0.0
0.0,0,0.0,0.0,0.0,0.0,0,0.0,0,0.0,0.0,0.0,0.0,0.0,0.0,0.0,0.0,0.0,0,0.0,0.0,0.0,0.0,0.0,0.0,0.0,0.0,0.0,0.0,0.0,0.0,0.0,0.0,0.0,0.0,0.0,0.0,0.0,0.0,0.0,0.0,0.0,0,0,0.0,0.0,0.0,0.0,0.0,0.0,0.0,0.0,0.0,0.0,0.0,0.0,1.0,0.0,0.0,0.0
